CREATE DATABASE  IF NOT EXISTS `dh-noticias` /*!40100 DEFAULT CHARACTER SET utf8 */ /*!80016 DEFAULT ENCRYPTION='N' */;
USE `dh-noticias`;
-- MySQL dump 10.13  Distrib 8.0.28, for Win64 (x86_64)
--
-- Host: localhost    Database: dh-noticias
-- ------------------------------------------------------
-- Server version	8.0.28

/*!40101 SET @OLD_CHARACTER_SET_CLIENT=@@CHARACTER_SET_CLIENT */;
/*!40101 SET @OLD_CHARACTER_SET_RESULTS=@@CHARACTER_SET_RESULTS */;
/*!40101 SET @OLD_COLLATION_CONNECTION=@@COLLATION_CONNECTION */;
/*!50503 SET NAMES utf8 */;
/*!40103 SET @OLD_TIME_ZONE=@@TIME_ZONE */;
/*!40103 SET TIME_ZONE='+00:00' */;
/*!40014 SET @OLD_UNIQUE_CHECKS=@@UNIQUE_CHECKS, UNIQUE_CHECKS=0 */;
/*!40014 SET @OLD_FOREIGN_KEY_CHECKS=@@FOREIGN_KEY_CHECKS, FOREIGN_KEY_CHECKS=0 */;
/*!40101 SET @OLD_SQL_MODE=@@SQL_MODE, SQL_MODE='NO_AUTO_VALUE_ON_ZERO' */;
/*!40111 SET @OLD_SQL_NOTES=@@SQL_NOTES, SQL_NOTES=0 */;

--
-- Table structure for table `articulos`
--

DROP TABLE IF EXISTS `articulos`;
/*!40101 SET @saved_cs_client     = @@character_set_client */;
/*!50503 SET character_set_client = utf8mb4 */;
CREATE TABLE `articulos` (
  `id` int NOT NULL AUTO_INCREMENT,
  `autores_id` int NOT NULL,
  `subcategorias_id` int NOT NULL,
  `titulo` varchar(100) NOT NULL,
  `contenido` text NOT NULL,
  `fechapublicacion` datetime DEFAULT NULL,
  `fechalta` datetime NOT NULL,
  `estadoart` tinyint(1) NOT NULL,
  PRIMARY KEY (`id`),
  KEY `fk_Articulos_Autores1_idx` (`autores_id`),
  KEY `fk_Articulos_Subcategorias1_idx` (`subcategorias_id`),
  CONSTRAINT `fk_Articulos_Autores1` FOREIGN KEY (`autores_id`) REFERENCES `autores` (`id`),
  CONSTRAINT `fk_Articulos_Subcategorias1` FOREIGN KEY (`subcategorias_id`) REFERENCES `subcategorias` (`id`)
) ENGINE=InnoDB AUTO_INCREMENT=101 DEFAULT CHARSET=utf8mb3;
/*!40101 SET character_set_client = @saved_cs_client */;

--
-- Dumping data for table `articulos`
--

LOCK TABLES `articulos` WRITE;
/*!40000 ALTER TABLE `articulos` DISABLE KEYS */;
INSERT INTO `articulos` VALUES (1,1,1,'Mundo Boca','Boca atraviesa un escenario histórico. Jamás experimentado en sus 117 años de vida. Y no se trata de los éxitos deportivos, que podrían resumirse en ser el campeón vigente de la Copa de la Liga, de la Copa Argentina (donde busca retener la corona) o haberse convertido el domingo a la noche en el nuevo líder de la Liga Profesional a falta de cinco fechas.','2022-09-09 00:00:00','2022-09-09 00:00:00',1),(2,2,1,'Inter ','Inter, de Milan, con Lautaro Martínez y Joaquín Correa como delanteros titulares, recibe a Barcelona, de España, se miden este martes desde las 16 (hora argentina) en el estadio Giuseppe Meazza, de Milán, en un partido correspondiente a la fecha 3 del grupo C de la Champions League.','2022-08-10 00:00:00','2022-08-10 00:00:00',1),(3,1,1,'Mundial Qatar 2022','A 47 días del Mundial de Qatar 2022, los entrenadores de los 32 seleccionados clasificados definen detalles antes de la entrega de la lista previa que puede incluir hasta 35 futbolistas. ','2022-10-01 00:00:00','2022-10-01 00:00:00',1),(4,1,1,'Juan Ignacio Chela','Hace casi un año, en sus redes sociales, Juan Ignacio Chela anunciaba: “Hola a todos!!! Les cuento que el jueves pasado me realizaron una operación programada por aneurisma cerebral no roto. Me colocaron dos stents. Todo salió bien. Ya estoy recuperándome en casa”. Por un tiempo, el Torino -apodo que le puso el excapitán de Copa Davis Tito Vázquez- entró en boxes. Hoy ya está de nuevo en funciones, como entrenador de Diego Schwartzman y, desde hace un tiempo, de Juan Manuel Cerúndolo, flamante campeón del Challenger de Buenos Aires. A los 43 años, otra vez en la ruta del tenis, el Flaco charla con LA NACION en uno de los rincones del Racket Club de Palermo, reflexiona, ríe y se emociona.','2021-08-25 00:00:00','2021-08-25 00:00:00',1),(5,4,3,'Pedro Martínez se lleva el duelo de españoles en Tokio','El tenista valenciano ha vencido a Jaume Munar en el duelo de octavos de final del ATP 500 de Tokio. Pedro Martínez, tuvo que remontar el partido tras perder el primer set (4-6, 6-3, 6-1).','2021-08-12 00:00:00','2021-08-12 00:00:00',1),(6,10,3,'Toni Nadal, sobre la futura faceta de padre de Rafa: “Lo va a hacer con total normalidad','Rafa Nadal y Mery Perelló atraviesan los últimos momentos previos a ser padres por primera vez. Un acontecimiento que, sin duda, cambiará la vida de la pareja que lleva 18 años juntos. Un momento de ilusión para el tenista, quien en estos momentos es el número 2 del mundo según el ranking de la ATP, solo por detrás de Carlos Alcaraz, otro hecho histórico.','2021-07-10 00:00:00','2021-07-10 00:00:00',0),(7,15,3,'Martín Landaluce la nueva perla española, debuta como profesional','Martín Landaluce apunta a próxima estrella del tenis español, después de la explosión del actual número uno del mundo, Carlos Alcaraz. El madrileño de 16 años, vigente campeón júnior del US Open, dio este martes su primer paso como profesional en el Alicante Ferrero Challenger. Lo hizo con derrota ante Michael Geert, belga de 27 años y 190º del mundo, que se impuso por 6-2 y 6-3 en 70 minutos.','2020-06-15 00:00:00','2020-06-15 00:00:00',1),(8,15,3,'Alcaraz: “Orgulloso de compartir este momento con el mejor de todos los tiempos”','Lunes histórico para el deporte español. Por primera vez, dos tenistas nacionales aparecen en lo más alto del ranking ATP. A Carlos Alcaraz, en su cuarta semana al frente del tenis mundial, le sigue Rafa Nadal, el GOAT, según el propio jugador murciano. Así lo ha indicado en sus redes sociales, donde, con una foto de ambos en Madrid, ha celebrado la efeméride. “Dos españoles en lo más alto del ranking. Orgulloso de compartir este momento con Rafa Nadal, mejor jugador de todos los tiempos”','2020-06-15 00:00:00','2020-06-15 00:00:00',1),(9,10,2,'Pretemporada NBA: momento clave para los argentinos','Una nueva temporada de la NBA comenzará el próximo 18 de octubre, pero primero, los equipos disputarán una serie de partidos de pretemporada, los cuales sirven para terminar de definir los planteles para encarar la competencia. Con Leandro Bolmaro ya confirmado en la plantilla de Utah Jazz, el que deberá ganarse un lugar es Luca Vildoza, que no tiene asegurada la permanencia en Milwaukee Bucks, pero estos encuentros serán claves para que se muestre. Esta pretemporada volverá a tener partidos fuera de Estados Unidos y Canadá, lo que no ocurría desde 2020 por la pandemia.','2020-06-12 00:00:00','2020-06-12 00:00:00',1),(10,4,2,'Campazzo no sigue en Denver por su tamaño','Un equipo que se imponga desde la altura, eso es lo que proyectaron los Denver Nuggets para la nueva temporada de la NBA. Esta apuesta, según argumentaron las máximas autoridades de la franquicia, es la razón por la que se decidió no renovarle el contrato a Facundo Campazzo, que aún permanece como agente libre.','2022-05-22 00:00:00','2022-05-22 00:00:00',0),(11,10,2,'Los Celtics suspendieron a su entrenador por toda la temporada','Este jueves, Adrian Wojnarowski periodista interno de la NBA, lanzó una bomba de las que nos tiene acostumbrados. El entrenador de los Boston Celtics, Ime Udoka, será suspendido toda la temporada 2022/2023 debido a que rompió el código de ética laboral de la franquicia al tener relaciones sexuales con una integrante del equipo.','2022-05-10 00:00:00','2022-05-10 00:00:00',1),(12,10,2,'Prigioni y el caso Brown: en contra de nacionalizar jugadores','Nacionalizar jugadores siempre fue un debate que generó mucha polémica. En estos días se habló sobre el tema debido a que España, campeón del Eurobasket el pasado domingo ante Francia, nacionalizó a Lorenzo Brown para disputar el torneo. Pablo Prigioni, entrenador de la Selección Argentina, opinó sobre está situación.','2021-09-21 00:00:00','2021-09-21 00:00:00',1),(13,12,4,'Mayweather volverá a pelear en 2022 y será contra un youtuber','Floyd Mayweather, legendario campeón mundial invicto de boxeo en las categorías welter y superwelter, venció el último fin de semana en apenas dos rounds al púgil japonés Mikuru Asakura, un experto en artes marciales mixtas, en el marco de un combate exhibición que se desarrolló en el Saitama Super Arena, en Japón. El filipino Manny Pacquiao, quien fuera adversario del boxeador estadounidense en una recordada pelea que se llevó a cabo en mayo de 2015 en Las Vegas, presenció la velada desde el ring side.','2021-02-25 00:00:00','2021-02-25 00:00:00',0),(14,12,4,'Mayweather ganó por nocaut en dos rounds en Japón','Mayweather ganó por nocaut en dos rounds en Japón','2022-05-08 00:00:00','2022-05-08 00:00:00',1),(15,13,4,'La increíble transformación de Mike Tyson a un mes de haber estado en silla de ruedas','Se hablaba de una posible pelea con Lennox Lewis o Evander Holyfield, ambos peleadores le ganaron a Tyson durante su etapa profesional, incluso el YouTuber Jake Paul; pero Iron Mike tiene claro, por ahora, que no le divierte hacerlo: “Los chicos quieren pelear conmigo por 100 millones de dólares. Pero creo que nunca más volveré a hacer algo así. Quería hacerlo la primera vez, sólo por diversión. Luego, algunas personas lo llevaron a otro nivel y sólo lo querían por temas financieros, por lo que se acabó la diversión”.','2022-05-08 00:00:00','2022-05-08 00:00:00',1),(16,13,4,'Mauricio Lara vs. José Sanmartin el 22 de octubre','El mexicano Mauricio Lara se enfrentará al colombiano José Sanmartin el próximo  22 de octubre en la Ciudad de México en velada que se emitirá en DAZN.','2021-02-25 00:00:00','2021-02-25 00:00:00',1),(17,15,5,'En su segunda presentación en la segunda ronda del Mundial, Las Panteras cayeron con Bélgica','La selección argentina femenina de vóley perdió este miércoles ante las europeas por 3-0, en un nuevo compromiso por el Grupo E.','2020-04-21 00:00:00','2020-04-21 00:00:00',1),(18,15,5,'Regatas es campeón de la Liga de Voleibol tras vencer a Alianza Lima en la tercera final','Regatas Lima ha demostrado un poderío impresionante a lo largo de la temporada 2022 en la Liga Nacional Superior de Voleibol del Perú y lo replicó en la final ante Alianza Lima: el plantel ganó cada una de las tres finales disputadas y se consagra con el título por segundo año consecutivo.','2020-08-01 00:00:00','2020-08-01 00:00:00',0),(19,15,5,'Liga Nacional Superior de Voleibol: Regatas venció 3-1 a Alianza Lima en la segunda final','La Liga Nacional Superior de Voleibol del Perú entró en su etapa más decisiva y este domingo se disputó la segunda final de la serie por el título. Esta vez, Regatas Lima volvió a imponer condiciones sobre Alianza Lima (1-3) y establece una ventaja de 2-0 en la llave, quedando a un triunfo más de obtener la corona.','2022-04-21 00:00:00','2022-04-21 00:00:00',1),(20,12,5,'Esmeralda Sánchez sobre la final de la LNSV: “Alianza tiene la suficiente capacidad y madurez”','El equipo de voleibol de Alianza Lima se encuentra a un paso de volver a alzar un título luego de casi 30 años, ya que la última vez fue en 1993 tras obtener el tricampeonato de la mano de Carlos Aparicio (actual técnico del club victoriano). Para ello, deberán enfrentarse al actual campeón, Regatas Lima. Los nervios y la alegría palpitan bajo la camiseta blanquiazul, por lo que la capitana y también hincha íntima, Esmeralda Sánchez, se encuentra convencida de dejar el nombre del club de sus amores en lo más alto. “Desde hoy empezamos a escribir nuestra propia historia”, apunta ella.','2022-04-11 00:00:00','2022-04-11 00:00:00',1),(21,13,6,'Límites y riesgos locales del Schiaretti “nacional”','¿Cuán funcional a la versión local de Juntos por el Cambio podría resultar que se nacionalice el paquete electoral 2023? El factor Manes, casi única esperanza para asomar la cabeza fuera de Córdoba. El Panal desconoce la nueva jugada para intentar saltear el límite reeleccionista y mira a la Justicia.','2022-11-28 00:00:00','2022-11-28 00:00:00',0),(22,13,6,'Villa Mascardi: la represión reemplazó al diálogo','Luego de dejar estancado el conflicto, la gestión de Aníbal Fernández respondió a la agitación de Patricia Bullrich con la tónica que cuadra: la represión. La mirada de Gabriel Fuks, ex funcionario del Ministerio de Seguridad que intentó una solución basada en el diálogo, y de Orlando Carriqueo, referente mapuche.','2021-01-18 00:00:00','2021-01-18 00:00:00',1),(23,35,6,'Mientras esperaban dialogar con el gobierno porteño, cayeron las topadoras','Esta madrugada, camiones del gobierno al mando de Rodríguez Larreta tiraron abajo la mitad del Galpón de Ortúzar, un espacio de ese barrio donde funcionan actividades educativas, deportivas y culturales. Los vecinos esperaban una instancia de mediación prometida para mañana. Planean poner un canil.','2020-09-21 00:00:00','2020-09-21 00:00:00',1),(24,35,6,'“Cachorro” Godoy asumió la conducción de la CTA Autónoma','El dirigente estatal encabeza desde hoy la Comisión Ejecutiva Nacional de la central obrera junto a Ricardo Peidro y Mariana Mandakovic. \"No hay posibilidad de salvarnos solos, la unidad de la clase no puede ser una sigla\", alentó durante el acto realizado en la nueva sede.','2022-11-28 00:00:00','2022-11-28 00:00:00',1),(25,49,6,'Mascardi: El Gobierno intervino por la fuerza y se abre una nueva etapa','Siete mujeres de la Lof Lafken Winkul Mapu fueron detenidas en una causa que lleva adelante la jueza Silvina Domínguez bajo secreto de sumario y que no se trataría de un desalojo del territorio ocupado por la comunidad desde 2017. Hace un año que no hay diálogo entre la defensa y el Gobierno.','2020-09-21 00:00:00','2020-09-21 00:00:00',1),(26,13,6,'Escuelas tomadas: organismos de derechos humanos apoyan a los estudiantes','En una reunión en la sede de Abuelas de Plaza de Mayo, la comunidad educativa de la Ciudad junto a Madres, HIJOS, la APDH, el CELS y Familiares, entre otros, denunciaron la “estrategia de criminalización” de Larreta. “En la escuela debe regir la no discriminación y el reconocimiento de derechos”','2022-11-28 00:00:00','2022-11-28 00:00:00',1),(27,49,6,'“Hace 15 años que gobiernan la Ciudad con más interés por el blindaje mediático que por educar”','La actriz Marina Glezer es madre de uno de los estudiantes que se manifiestan contra las condiciones edilicias, viandas incomibles y \"prácticas laborales\" en las escuelas porteñas. Además, describió el intento de intimidación policial en su casa: “Buscan silenciar, como todo proyecto de derecha”.','2021-01-18 00:00:00','2021-01-18 00:00:00',1),(28,13,6,'Toma de escuelas: hablan les pibis','En línea con el discurso del Gobierno de la Ciudad, los medios hegemónicos estigmatizan a pibes y pibas que protestan contra el desfinanciamiento en Educación, las prácticas laborales en empresas y por mejoras en las viandas. Qué quieren, cómo estudian y por qué toman los colegios para ser escuchados.','2020-09-21 00:00:00','2020-09-21 00:00:00',0),(29,13,6,'En línea con el discurso del Gobierno ','Con su habitual verborragia explosiva, el jefe del gremio de Gastronómicos, Luis Barrionuevo, expresó su malestar por los errores que comete la dirigencia política y de la situación económica. “Que se pongan las pilas los políticos y que se dejen de hinchar las pelotas, porque en cualquier momento viene de vuelta el que se vayan todos”, lanzó, al advertir sobre la escalada de la inflación y la falta de soluciones duraderas.','2020-09-21 00:00:00','2020-09-21 00:00:00',1),(30,35,6,'La designación de tres jueces en Quilmes ','El pasado 23 de septiembre, el concejo deliberante de Quilmes votó el nombramiento de tres jueces de faltas en Juzgados que habían sido creados durante la administración del ex intendente Martiniano Molina (PRO), pero que nunca habían sido puesto en funciones porque no se lograba los acuerdos para designar autoridades, además de una modificación en las competencias territoriales de dichos juzgados. La votación para completar los cargos se dio con el acompañamiento del bloque de concejales de Juntos, que terminó exponiendo la interna opositora en vistas al armado electoral de ese distrito.','2021-01-18 00:00:00','2021-01-18 00:00:00',1),(31,35,7,'El G20, ante el reto más difícil desde su creación','Indonesia asumió la presidencia del G20 en diciembre. Ese rol le marcó un hito como nación para demostrar su capacidad y liderar al Sudeste Asiático y al mundo hacia una recuperación post pandemia. Pero la escalada de la guerra en Ucrania, desde febrero, y las tensiones geopolíticas globales complejizaron ese desafío.','2021-11-11 00:00:00','2021-11-11 00:00:00',1),(32,29,7,'EE.UU., Reino Unido y Australia, la posibilidad de un tsunami geopolítico en el Indopacífico','Hace unos años, Thomas Friedman sostuvo que había solo tres países capaces de hacer la guerra, entendida como la capacidad de negar el acceso a un territorio: EE. UU., el Reino Unido y Australia. Esta calificación, que sorprendió en su momento, ha cobrado inusitada vigencia luego de que los tres países firmaran una alianza de seguridad denominada AUKUS (por las siglas, en inglés, de esos tres países). ¿Por qué ocurrió esto? En la edición anterior de DEF, comentamos las decisiones tomadas por EE. UU. y sus aliados luego del ataque del 11 de septiembre de 2001, la evolución de la situación estratégica y sus consecuencias hasta la retirada de Afganistán. Frente al compromiso asumido, es posible analizar las decisiones que se están perfilando en este cambio de la estructura internacional.','2021-03-28 00:00:00','2021-03-28 00:00:00',0),(33,29,7,'REACCIONES EN ORIENTE Y EN OCCIDENTE','China observó con ira que a ese bloque pudieran unirse, en el futuro, India, Japón, Taiwán, Vietnam y Filipinas, entre los más cercanos, por lo cual estalló de rabia con la firma del AUKUS. Declaró que se trataba de una provocación, pero es obvio que fue un modo de frenar los esfuerzos chinos de dominar el Indopacífico. Inmediatamente, Xi Jinping solicitó unirse a la Asociación Transpacífica (TPP), de la que Trump sacó a los EE. UU. Esa asociación comercial de once países, que firmaron un acuerdo para impulsar el libre comercio en el Pacífico, es hoy un blanco de la diplomacia china, lo que pone en evidencia el error de Donald Trump al abandonarla. Australia resiste el ingreso de China, un país que elevó los aranceles a las exportaciones australianas, entre otras sanciones.','2021-11-26 00:00:00','2021-11-26 00:00:00',1),(34,29,7,'Los líderes europeos se reúnen en Praga: “Es una forma de buscar un nuevo orden sin Rusia”','La cumbre de líderes de la Unión Europea (UE) con otros 17 países del continente que tiene lugar este jueves en Praga busca construir “un nuevo orden sin Rusia”, dijo el alto representante de Política Exterior de la UE, Josep Borrell.','2021-03-28 00:00:00','2021-03-28 00:00:00',1),(35,49,7,'EEUU calificó como “difícil y dolorosa” su decisión de liberar a los sobrinos de Maduro','Estados Unidos señaló este miércoles que la decisión de liberar a dos sobrinos de la esposa del dictador venezolano, Nicolás Maduro, a cambio de siete estadounidenses fue “difícil” y “dolorosa” tras un proceso de negociación “duro” entre las partes para lograr la excarcelación de sus nacionales.','2021-11-11 00:00:00','2021-11-11 00:00:00',1),(36,35,7,'Aseguran que EEUU evalúa un alivio de las sanciones al régimen de Venezuela','El Gobierno de los Estados Unidos está preparando un ajuste en las sanciones impuestas al régimen de Nicolás Maduro, en Venezuela, con la intención de permitir a Chevron Corp reanudar sus operaciones en el país caribeño.','2021-08-01 00:00:00','2021-08-01 00:00:00',1),(37,35,7,'Reforma política: por falta de cuórum se aplaza debate para el 10 de octubre','Este miércoles 5 de octubre, luego de que se ausentara más de la mitad de los senadores de la plenaria, el debate sobre la reforma política propuesta por el gobierno de Gustavo Petro quedó pospuesto para el próximo lunes 10 de octubre a las diez de la mañana. Congresistas del Centro Democrático, Cambio Radical y Partido Conservador eran los principales ausentes en el momento de discutir el tercer artículo. La discusión quedó en si la financiación de las campañas debe ser por parte del Estado o se permite de privados.','2021-11-26 00:00:00','2021-11-26 00:00:00',1),(38,49,7,'Zelensky invocó a San Martín y a Bolívar en la OEA','El presidente de Ucrania, Volodimir Zelensky, intervino este miércoles en una reunión previa al inicio del LII periodo de sesiones de la Organización de Estados Americanos (OEA) y pidió a los países integrantes que ayuden a su nación en la guerra contra Rusia, como cree que harían los libertadores Simón Bolívar o José de San Martín','2021-08-01 00:00:00','2021-08-01 00:00:00',0),(39,49,7,'Donald Trump habló de la investigación por los documentos ','El ex presidente norteamericano Donald Trump brindó un discurso en la Conferencia de Liderazgo Hispano en Miami. Trump fue el orador principal de la Conferencia, organizada por el America First Policy Institute, que finaliza este miércoles.','2021-11-11 00:00:00','2021-11-11 00:00:00',1),(40,49,7,'Elecciones en Brasil','Es la primera encuesta que se publica después de los sorprendentes resultados de la primera vuelta y de las polémicas sobre los datos recogidos por las empresas demoscópicas, tan lejos de la realidad. Para Ipec, cuyos sondeos fueron encargados por el poderoso grupo de comunicación Globo, Luiz Inácio Lula da Silva tendría el 51% de intención de voto, contra el 43% de Jair Messias Bolsonaro. Contandos los votos válidos Lula tendría el 55% contra el 45% del presidente.','2022-10-10 00:00:00','2022-10-10 00:00:00',1),(41,13,10,'La inflación de la Argentina en septiembre fue la segunda más alta de América latina','El equipo económico y los consultores coincidieron en anticipar que la inflación del mes pasado seguramente se estacionó en un nivel parecido al de agosto, cuando el Instituto Nacional de Estadística y Censos informó que el índice de precios al consumidor (IPC) llegó al 7% y al 78,5% en comparación con el año previo. El índice oficial se conocerá el próximo viernes 14; en tanto la estimación de los consultores privados, sintetizado en el flamante relevamiento de expectativas (REM) que difunde el Banco Central, rondó el 6,7% y proyecta que a fin de este año llegará al 100,3%, mientras que en 2023 sumaría otro 90,5%, frente al 60% estimado por el Gobierno en el presupuesto 2023.','2019-08-12 00:00:00','2019-08-12 00:00:00',0),(42,13,10,'Ahorro en un plazo fijo tradicional o con ajuste UVA: cuál conviene más','Las tasas mensuales de inflación se suceden con niveles que tienden a estar cada mes por encima de las previas y de las de por si -aparentemente- pesimistas previsiones del mercado. Con los precios desanclados, el Banco Central (BCRA) finalmente se decidió a ajustar las tasas de interés de manera tal que tengan la posibilidad de empatar, o al menos quedar cerca, de la variación promedio de los precios al consumidor que releva el Indec.','2020-11-11 00:00:00','2020-11-11 00:00:00',1),(43,35,10,'Cuánto exageran el PBI y por qué duran tanto','El 6 de enero de 1937 tuvo lugar un Censo de Población en la entonces joven Unión de Repúblicas Socialistas Soviéticas (URSS) que -se esperaba- mostraría el rápido crecimiento de un pueblo bien alimentado y feliz. “Ilumina el cariño de Stalin, el futuro de nuestros infantes” dice el texto al pie de un afiche de época en que el dictador sostiene a un niño regordete, imagen de la supuesta fecundidad y prosperidad soviéticas, que a su vez sostiene la bandera de la hoz y el martillo.','2019-08-12 00:00:00','2019-08-12 00:00:00',1),(44,49,10,'Cómo ganar con las cauciones bursátiles','La caución bursátil es un préstamo de corto plazo (de 1 a 120 días) y que está garantizado por el mercado, un instrumento que se asemeja al plazo fijo, y es una alternativa para aquellos que buscan inversiones conservadoras, sin estar sujetos a la volatilidad de otro tipo de operaciones.','2019-03-15 00:00:00','2019-08-12 00:00:00',1),(45,49,10,'Stellantis alcanzó la producción de 250.000 unidades de Fiat Cronos','Se trata del modelo que la marca lanzó en el mercado local hace sólo cuatro años y que, según la marca, es el vehículo más vendido del país, con una participación de 10,8% y 26 meses consecutivos como el auto líder del mercado con más de 109.000 unidades patentadas desde su lanzamiento en el país.','2019-08-12 00:00:00','2019-08-12 00:00:00',1),(46,35,10,'De la mano de IBF Negocios, Farmacity llega a Uruguay','Las sucursales de la cadena que lleva 25 años en la Argentina respetarán el formato y la estética distintiva de la marca. “La oferta de productos exhibidos y la prestación de servicios respetarán el compromiso de la compañía de ser un agente de vínculo entre la comunidad y la salud”, dijo la principal empresa de venta minorista de medicamentos y referente en temas de salud y bienestar.','2020-11-11 00:00:00','2020-11-11 00:00:00',1),(47,13,10,'Apenas 1 de cada 24 empresas del sector privado ','“Las expectativas netas de las empresas en relación con la contratación de personal para los próximos tres meses continúan siendo positivas, con un incremento de 1 punto porcentual respecto del mes previo, alcanzando el 3,7%. Y acumula un saldo de respuestas positivo de 19 meses de forma consecutiva, se inició en febrero de 2021″, informó la cartera laboral, a cargo del ministro Claudio Moroni.','2020-11-11 00:00:00','2020-11-11 00:00:00',1),(48,13,10,'Semana financiera: el dólar libre bajó 4% ','El dólar libre profundizó la baja este jueves, para negociarse a $277 para la venta, con un retroceso de cinco pesos o 1,8% en el día. La divisa ofertada en el reducido mercado paralelo volvió a su valor más bajo desde el 15 de septiembre, tres semanas atrás.','2022-02-08 00:00:00','2022-02-08 00:00:00',1),(49,13,10,'El FMI aprobará esta tarde una nueva revisión del acuerdo con Argentina','El directorio del Fondo Monetario Internacional (FMI) inició a las 15.30 hora de la Argentina el debate sobre una nueva revisión del acuerdo con el Gobierno argentino, que le permitirá recibir unos USD 4.000 millones la semana próxima para reforzar las reservas del Banco Central.','2022-09-21 00:00:00','2022-09-21 00:00:00',1),(50,35,10,'Tarifas: cómo es el cronograma de quita de subsidios y los aumentos anunciados ','La quita de subsidios para los usuarios de gas natural y electricidad finalmente se comenzará a aplicar este mes para los hogares que no se hayan inscripto en el formulario RASE para mantener una menor tarifa diferencial y también para los que hayan aportado sus datos y quedaron dentro de la categoría de más ingresos (Nivel 1). El impacto en las facturas se comenzará a ver en forma más amplia a partir de las facturas de noviembre.','2022-02-08 00:00:00','2022-02-08 00:00:00',0),(51,49,11,'Estados Unidos sumó 263.000 puestos de trabajo en septiembre','La contratación de nuevos trabajadores en la economía estadounidense se ralentizó ligeramente en septiembre, como se esperaba, mientras que la tasa de desempleo volvió a bajar al mismo nivel que en julio, según informó el Gobierno este viernes.','2022-02-08 00:00:00','2022-02-08 00:00:00',1),(52,49,11,'La Organización Mundial de Comercio advirtió que la invasión de Rusia','La jefa de la Organización Mundial del Comercio (OMC) advirtió este martes del riesgo de una división de la economía global en bloques rivales en el contexto de la guerra en Ucrania, e instó a los países a no restringir los intercambios en este periodo de crisis.','2022-01-25 00:00:00','2022-01-25 00:00:00',1),(53,49,11,'FMI mejora pronóstico para países ricos, no para los pobres','WASHINGTON (AP) — El Fondo Monetario Internacional mejoró sus cálculos sobre crecimiento económico para los países ricos del mundo, especialmente Estados Unidos, ante el éxito de las campañas de vacunación contra el COVID-19, pero lo redujo para los países pobres que encaran dificultades en aplicar las inoculaciones.','2022-01-25 00:00:00','2022-01-25 00:00:00',1),(54,13,11,'La economía mundial podría perder hasta USD 9,2 billones por el reparto desigual de las vacunas','La recuperación de la economía mundial corre el riesgo de verse frenada o incluso desbaratada por el retraso en la vacunación contra el coronavirus en los países más pobres en comparación con los más ricos. El Rastreador de Vacunas de Bloomberg muestra que en la última semana se administraron una media de 4,54 millones de dosis diarias en todo el mundo, pero está lejos de ser una distribución uniforme. Estados Unidos y el Reino Unido representan alrededor del 40% de los 119,8 millones de dosis administradas en todo el mundo.','2021-12-12 00:00:00','2021-12-12 00:00:00',1),(55,13,11,'Cuáles son los pronósticos de los gurúes globales ','Amén de las razones que según Nouriel Roubini hundirán a la economía mundial post-covid 19 en una larga recesión, varios economistas expusieron recientemente sus análisis y pronósticos sobre la economía a partir de 2021.','2021-12-12 00:00:00','2021-12-12 00:00:00',1),(56,35,11,'FMI: La economía mundial va hacia un crecimiento más fuerte','WASHINGTON (AP) — La economía mundial ha iniciado una larga escalada hacia un crecimiento más fuerte con perspectivas un poco mejores que hace cuatro meses, estimó el martes la directora gerente del Fondo Monetario Internacional.','2020-10-04 00:00:00','2020-10-04 00:00:00',0),(57,35,11,'El banco Morgan Stanley y economistas en EEUU ya hablan de una recuperación global','Un informe emitido este domingo por el banco de inversión Morgan Stanley predice una recuperación de la economía global en forma de V, luego de haber tocado piso en el mes de abril.','2020-10-04 00:00:00','2020-10-04 00:00:00',1),(58,49,11,'Economía mundial enfrenta dura recuperación','WASHINGTON (AP) — La economía mundial tiene enfrente un largo camino hacia la recuperación de la crisis por la pandemia de coronavirus.','2020-09-26 00:00:00','2020-09-26 00:00:00',1),(59,49,11,'ONU prevé contracción de 3,2% en economía mundial','NACIONES UNIDAS (AP) — Naciones Unidas pronostica que la economía mundial se contraerá 3,2% este año debido a la crisis del coronavirus, la caída más aguda desde la Gran Depresión en la década de 1930.','2020-09-26 00:00:00','2020-09-26 00:00:00',0),(60,49,11,'FMI prevé contracción mundial de 3% en 2020 por coronavirus','WASHINGTON (AP) — Apaleada por el brote de coronavirus, la economía mundial sufrirá en 2020 su peor año desde la Gran Depresión de la década de 1930, advirtió el martes el Fondo Monetario Internacional.','2019-08-08 00:00:00','2019-08-08 00:00:00',0),(61,25,12,'Johnny Ramone, el músico punk más contradictorio','“La rabia empieza en la adolescencia y nunca te abandona del todo”, decía Johnny Ramone en Commando, su autobiografía, publicada varios años después de su muerte. La rabia era un estado natural para John William Cummings, criado en Nueva York por un matrimonio trabajador que manejó una taberna en la que los inmigrantes iban por unas cervezas cada noche. En medio de cajas y botellas, sus padres lo acercaron a la que sería su gran pasión: la música. No es que fueran melómanos, pero en el bar había una rockola y cada noche salían de allí los sonidos que, años más tarde, el pequeño Johnny iba a querer interpretar con su guitarra.','2022-05-04 00:00:00','2022-05-04 00:00:00',0),(62,30,13,'Premios Martín Fierro de Cable','Este viernes la Asociación de Periodistas de la Televisión y la Radiofonía Argentinas (APTRA) dio a conocer el listado completo de los nominados al Martín Fierro de Cable correspondiente a la temporada 2021.','2022-05-04 00:00:00','2022-05-04 00:00:00',1),(63,19,14,'Rafaella Carrà, la cantante italiana que trascendió fronteras','No hay manera. Por más que el lector o lectora lo intente y lo vuelva a intentar basta leer o pronunciar el nombre Raffaella Carrà para inmediatamente empezar a tararear 03-03-456, seguir con “para enamorarse bien hay que venir al sur y terminar el compilado con “explota explota exploo, explota explota mi corazón”. Es que la intérprete italiana, trascendió fronteras y se convirtió en ícono de la cultura popular.','2022-01-05 00:00:00','2022-01-05 00:00:00',1),(64,19,14,'Se anunció el estreno de la quinta temporada “This is Us”','La espera terminó para los fanáticos de This is Us. Todos los que siguieron de cerca la vida de los “Big three” necesitaban con urgencia nuevos episodios. Y así,con un episodio especial de dos horas de duración, la serie que conquistó a tantos argentinos -como Marcelo Tinelli- durante la cuarentena, regresa con su quinta temporada. La cadena que emite la serie en Estados Unidos anunció que la premiere se llevará a cabo el 10 de noviembre','2022-01-05 00:00:00','2022-01-05 00:00:00',1),(65,30,12,'La reacción de Tini Stoessel ','Mientras ellos anunciaban que no estaban más en pareja, el nombre de Danna Paola ya había aparecido en escena: la protagonista de Élite había intercambiado mensajes en las redes sociales con el cantante y llamaron la atención de los fanáticos.','2019-07-26 00:00:00','2019-07-26 00:00:00',1),(66,30,13,'A los 34 años, murió el cantante Chris Trousdale tras contagiarse de coronavirus','En mundo de Hollywood está conmocionado por la muerte de Chris Trousdale. El artista, que formó parte del grupo Dream Street y trabajó en Broadway, tenía 34 años y estaba internado en el hospital Burbank de Los Ángeles.','2022-01-05 00:00:00','2022-01-05 00:00:00',1),(67,25,14,'El creador de “La Casa de Papel” reveló el misterio','Sin lugar a dudas, Berlín se convirtió en uno de los personajes favoritos de La Casa de Papel, la serie española creada por Álex Pina para Antena 3 y que terminó siendo un éxito mundial a través de Netflix. El personaje interpretado por el actor Pedro Alonso causó furor entre los fanáticos de la ficción ya sea como el más querido, o como el más odiado.','2022-01-05 00:00:00','2022-01-05 00:00:00',1),(68,25,13,'Estuvo preso 37 años por un crimen que no cometió ','El viernes pasado, el mundo conoció la voz de Archie Williams, un hombre afrodescendiente de 59 años oriundo de Louisiana, Estados Unidos. Su nombre, sin embargo, ya había recorrido los diarios y noticieros locales casi 37 años antes, cuando fue condenado a prisión.','2019-07-26 00:00:00','2019-07-26 00:00:00',1),(69,49,11,'La trama oculta de la historia de “La familia Ingalls”','La familia Ingalls refleja la vida de una familia que vivía en un pueblo de colonos de Minnesota, en la década de 1870. La famosa serie fue filmada hace más de 40 años en los Estados Unidos y hasta el día de hoy siguen saliendo a la luz detalles desconocidos.','2022-09-21 00:00:00','2022-09-21 00:00:00',1),(70,19,12,'Maluma confesó qué lo motivó a escribir el tema “Amor de mi vida”','En el mes de enero, cuando todavía nada podía hacerle prever lo que sucedería meses más tarde en todo el planeta a raíz de la pandemia del coronavirus, Maluma viajó a Jamaica y comenzó con un proceso de introspección. Con apenas 26 años de edad y una década de carrera, el colombiano se había convertido en uno de los cantantes latinos más exitosos del mundo. Y disfrutaba del éxito. Pero, de alguna manera, sentía que necesitaba volver a sus orígenes.','2022-09-21 00:00:00','2022-09-21 00:00:00',1),(71,42,15,'El superalimento que humecta la piel y mejora la memoria','En la jerga popular se la conoce como “la especie milagrosa”, ya que está asociada al aporte de un sinfín de beneficios para el organismo, principalmente aquellos que tienen que ver con la prevención del envejecimiento en su sentido más amplio. Una condición natural de la que nadie puede escapar, pero sí hacerle frente, ¿Cómo? Llevar un estilo de vida saludable mediante la adopción de hábitos y técnicas para cuidarse de manera natural. En este proceso, la alimentación saludable juega un rol clave, ya que todo lo que se ingiera traerá bienestar para el organismo o en su defecto, lo dañará.','2019-03-03 00:00:00','2019-03-03 00:00:00',1),(72,42,15,'¿De qué se trata la ‘mental health walk’ y por qué miles de jóvenes empezaron a hacerla?','Tendencia indiscutida en Tik Tok. La “mental health walk”, es decir la caminata para la salud mental, conocida también como la “hot girl walk”, es furor en esta red entre los jóvenes. Si bien el nombre hace alusión a las mujeres, no significa que sea exclusiva para el sexo femenino. Todo lo contrario, en TikTok se fomenta que lo hagan personas de cualquier género y edad.','2020-07-09 00:00:00','2020-07-09 00:00:00',1),(73,42,15,'Cuidar el corazón: cómo disminuir el colesterol y evitar problemas cardiovasculares','El pasado jueves 29 de septiembre se celebró el Día Mundial del Corazón; dicha fecha tiene como objetivo concientizar a la población sobre la importancia de la prevención de enfermedades cardiovasculares. Este órgano merece ser cuidado, valorado y controlado. Sin embargo, lo cierto es que no se suele tener en cuenta hasta que manda un “llamado de atención o susto”.','2022-04-21 00:00:00','2022-04-21 00:00:00',1),(74,42,15,'Los mejores ejercicios de abductores para la celulitis ','Según datos de Europa Press, entre un 90% y 98% de las mujeres padece este fenómeno en alguna etapa de su vida. Y frente a esta situación, el ejercicio físico se convirtió en uno de los indiscutidos aliados, una alternativa que colabora en el proceso de reafirmar la piel y quemar la grasa que se acumula por debajo y que produce hoyuelos. El desafío pasa por fortalecer o tonificar las piernas, especialmente los abductores, es decir, la parte alta e interna de las extremidades, tratándose de una de las zonas más afectadas por esta condición que suele mostrar sus primeras apariciones durante la adolescencia.','2022-12-01 00:00:00','2022-12-01 00:00:00',1),(75,42,15,'La simple postura de yoga que promete deshinchar la panza y reducir el estrés','El yoga es de las actividades físicas que más se está practicando en el último tiempo. Además de sus beneficios en el cuerpo, hacerlo a largo plazo hace bien a la mente y según algunos de sus fieles practicantes, al “espíritu”. Asimismo, sus seguidores incitan a convertirlo en una práctica prolongada en el tiempo para poder disfrutar de todo su poder sanador.','2019-03-03 00:00:00','2019-03-03 00:00:00',1),(76,42,15,'cómo cuidar las articulaciones y las respuestas a cinco preguntas clave para prevenir la artrosis','Su objetivo principal es brindar autonomía funcional, es decir, que actúan como sostén y permiten que el cuerpo se mueva y desplace libremente incluso, que se mantenga estático en una misma posición durante un tiempo prolongado. “Están diseñadas principalmente para soportar el peso del cuerpo y movilizarlo a través del espacio. Con solo pensar en no poder mover la cadera, la rodilla, el codo o la muñeca, ya nos damos cuenta la vital importancia que tienen en nuestra vida”, dice Gaby Galvé, Wellness Coach y fundadora del método Bienestar en Movimiento.','2019-03-03 00:00:00','2019-03-03 00:00:00',1),(77,42,15,'Qué es el “campo de oxidación” que rodea el cuerpo y cómo puede mejorar nuestra vida','Tanto en el exterior como dentro de nuestras casas, en el transporte o el trabajo estamos expuestos a multitud de químicos y contaminantes. Desde pinturas, emisiones de gases o incluso lo que producimos con actividades como cocinar o limpiar.','2020-07-09 00:00:00','2020-07-09 00:00:00',1),(78,42,15,'Medicina preventiva: claves para cuidar la piel y evitar problemas de salud','La piel es el órgano de las sensaciones: almacena agua, grasa y produce vitamina D cuando se expone al sol. Es tan importante que gracias a su estado se pueden observar signos de distintas enfermedades de otras partes del organismo y los cambios en la misma pueden servir de diagnóstico para detectar condiciones médicas.','2022-04-21 00:00:00','2022-04-21 00:00:00',0),(79,42,15,'Dolor de ciática: los 5 mejores ejercicios para evitar esta dolencia','¿Cuáles son las razones que desatan esta patología? Alejandra Hintze, médica deportóloga e integrante de la comisión directiva de la Asociación Argentina de Médicos del Deporte, explica que es la consecuencia de una hernia de disco, de un desplazamiento de vértebras, de un tumor, “o de todo aquello que comprima la raíz del nervio”.','2022-04-21 00:00:00','2022-12-01 00:00:00',0),(80,42,15,'Día Mundial del Corazón: tips para cuidar tu salud cardiovascular','La enfermedad cardiovascular se puede dar en todas las edades, lo que varía es el tipo de patología. Arriba de los 40 años es mucho más frecuente que ocurra la enfermedad coronaria pero aquellas personas que están debajo de los 40 no se encuentran exentas ya que podrían tener una cardiopatía estructural del corazón, conocidas como cardiopatías congénitas, arritmias, canalopatías, etcétera”, explicó el especialista en una temática que despierta grandes preocupaciones en la Argentina, teniendo en cuenta que 100 mil muertes por año están ligadas a problemas cardiovasculares.','2020-07-09 00:00:00','2020-07-09 00:00:00',1),(81,11,19,'La estrategia de YouTube para combatir la desinformación','Además de tener que lidiar con la no publicación del contenido falso, la aplicación también debe detener su propagación, especialmente teniendo en cuenta lo que significó la pandemia, el coronavirus y la vacunas. Un momento en el que había muchas preguntas y dudas sobre la situación, especialmente ante decisiones de los gobiernos, quienes también tuvieron que aprender en el camino.','2022-07-07 00:00:00','2022-07-07 00:00:00',1),(82,11,20,'El motivo por el que no se debe apagar el router en la noche','Los hogares hoy en día tienen una gran cantidad de dispositivos tecnológicos conectados a la electricidad por lo que se suelen buscar soluciones para reducir el consumo y el pago mensual. Una de las ideas que muchos tienen es apagar el router del internet en la noche, porque no estarán conectados, pero lo que no saben es que pueden afectar la calidad de la conexión.','2022-11-23 00:00:00','2022-11-23 00:00:00',1),(83,25,19,'Amazon terminó las pruebas con su robot domiciliario y este fue el resultado','Con el objetivo de ofrecer un servicio más sostenible y eficaz, Amazon inició en 2019 un proyecto para repartir sus productos a través de un robot domiciliario que se movía por las calles e iba a la dirección de cada persona. Un plan que llegó a su fin.','2021-10-19 00:00:00','2021-10-19 00:00:00',1),(84,42,19,'Cómo proteger el celular de aplicaciones que roban datos','La seguridad y la privacidad son temas fundamentales para las empresas de tecnología en la actualidad y por eso Google anunció un nuevo paquete de funciones para Android en el que los usuarios encontrarán opciones se fácil uso para proteger su información.','2020-02-02 00:00:00','2020-02-02 00:00:00',0),(85,23,19,'Cómo saber si mi cuenta de Facebook fue afectada por una aplicación maliciosa','Una investigación de Meta encontró un total de 400 aplicaciones maliciosas que ocultaban su intención de robar datos de los usuarios bajo la apariencia de apps dedicadas a la edición de fotos, juegos, instalación de fondos de pantalla y otras funciones adicionales.','2022-07-07 00:00:00','2022-07-07 00:00:00',0),(86,21,20,' La función de Apple Watch para usar cuando estamos perdidos','Una de las novedades de Apple Watch es la función que permite a las personas regresar sobre sus propios pasos en caso de que estén perdidas o se vean en riesgo de estarlo en un entorno desconocido.','2022-11-23 00:00:00','2022-11-23 00:00:00',1),(87,23,19,'Qué derechos propone Estados Unidos para los humanos frente a la inteligencia artificial','Ante el crecimiento del uso de la inteligencia artificial, las autoridades en varios países creen que se necesita una regulación, al respecto, la Casa Blanca en Estados Unidos presentó una ‘Declaración de derechos de IA’.','2021-10-19 00:00:00','2021-10-19 00:00:00',1),(88,11,20,'Con inteligencia artificial se busca predecir posibles enfermedades mentales','Según la Organización Mundial de la Salud (OMS) tras la pandemia, los casos de ansiedad y depresión a nivel global han crecido un 25 %. Razón por la cual varios desarrolladores están impulsando tecnologías para minimizar esas cifras.','2021-10-19 00:00:00','2021-10-19 00:00:00',1),(89,21,19,'Vtubers, los nuevos influencers creados con avatares','VTubers son los creadores de contenido que usan un avatar virtual para presentarse ante su audiencia, ellos representan el cambio en la generación de contenido desde el entorno real al virtual, donde se puede interactuar con otras personas por medio de avatares.','2022-07-07 00:00:00','2022-07-07 00:00:00',1),(90,23,20,'Las 7 generaciones de Pixel, los celulares de Google','La historia de Google con los celulares es mucho más grande de lo que muchos pueden creer. Más allá de lo que hace con Android al brindar el sistema operativo de móviles más usado en el mundo, la empresa ha propuesto dos familias de teléfonos en la que la Pixel es la actual y con la que siempre intenta añadir novedades a la industria.','2021-10-19 00:00:00','2021-10-19 00:00:00',1),(91,33,16,'Vida, obra y pasión de Amparo Ochoa según Modesto López','El perfil artístico, humano, político y social de la cantante mexicana Amparo Ochoa se recorta nítidamente en Se me reventó el barzón, documental de Modesto López estrenado esta semana en la sala porteña Cosmos UBA. “Amparo era una mujer muy alegre, enfrentaba las peores dificultades con la mayor serenidad. Era además muy solidaria con las luchas sociales y en la relación con sus amigos”, la describe López. Sobre ese carácter tan volcánico como afable, el productor, actor y cineasta apunta que a Ochoa “su familia nunca la llamó Amparo, siempre le llamó Vida. Y eso es verdad, Amparo era la vida”.','2019-09-02 00:00:00','2019-09-02 00:00:00',1),(92,45,17,'Una obra de Banksy sale a subasta en Londres por medio millón de dólares','Una famosa obra en formato pequeño del año 2002. del enigmático artista callejero Banksy, Love is in the air, conocida en español como El lanzador de flores, saldrá en Christie’s de Londres, el próximo viernes 14 de octubre, con una base de 550.000 dólares, informó la famosa casa de subastas.','2022-05-28 00:00:00','2022-05-28 00:00:00',0),(93,47,18,'Pat Metheny toca en Buenos Aires','Los shows de Pat Metheny en el Teatro Gran Rex de Buenos Aires previstos para el 13 y 14 de marzo de 2020 no se concretaron por obvias razones. Cuesta pensar que eso sucedió hace 2 años y 8 meses, pero fue así. Entonces, 2 años y 8 meses después, es tiempo de revancha.','2021-10-10 00:00:00','2021-10-10 00:00:00',0),(94,33,17,'El “Martín Fierro” cumple 150 años ','Si decimos: “Aquí me pongo a cantar / Al compás de la vigüela”, sabemos inmediatamente que se trata de lo que escribió el poeta, político, periodista y militar argentino José Hernández como inicio de uno de sus libros más fundamentales, el Martín Fierro. Estos versos están condensados en nuestra memoria y en el imaginario colectivo como el comienzo de un texto que define el “ser argentino”.','2022-01-01 00:00:00','2022-01-01 00:00:00',1),(95,45,17,'Arteba da sus primeros (y tímidos) pasos en el universo NFT','Durante la pandemia aún en las puertas del mundo, el espacio de lo digital en la vida cotidiana, las relaciones y la manera de consumir cultura tuvo innovaciones históricas, y allí, se visibilizó con fuerza el trabajo de muchísimos artistas digitales y sobre todo a partir del boom del NFT, que comenzó a ser parte de la conversación.','2021-08-06 00:00:00','2021-08-06 00:00:00',0),(96,47,17,'González Iñárritu ganó el Premio Akira Kurosawa','El realizador mexicano Alejandro González Iñárritu fue galardonado este viernes con el Premio Akira Kurosawa del Festival Internacional de Cine de Tokio (TIFF), en reconocimiento a sus “extraordinarias contribuciones al cine mundial” y del que se espera que “defina el futuro de la industria cinematográfica”. El mexicano fue seleccionado junto al director nipón Koji Fukada (Harmonium, 2016) para recibir el premio Akira Kurosawa, que el TIFF revive después de 14 años y que en el pasado fue galardonado a cineastas como Steven Spielberg o Yoji Yamada.','2019-09-02 00:00:00','2019-09-02 00:00:00',1),(97,8,22,'Sobreseído pero sin indemnización','Un ex empleado del Banco Hipotecario Nacional demandó a la entidad y al Estado Nacional por daños y perjuicios, argumentando que trabajo como jefe de área tesorería para el primero en 1974 y que en 1993 fue desplazado luego de un sumario administrativo y las actuaciones se giraron al Juzgado Federal N° 1 de La Plata solicitándose la elevación a juicio por presunta comisión del delito del art. 174 inc 5 CP y tiempo después se lo sobreseyó por lo que a su entender la medida adoptada por el banco había sido intempestiva y sin fundamentos lo que motivó esta acción civil.','2022-05-28 00:00:00','2022-05-28 00:00:00',0),(98,8,22,'El fotomontaje no daña','La Sala I de la Cámara Nacional de Apelaciones en lo Civil rechazó una demanda del ex árbitro Aníbal Hay contra el Diario Olé por la publicación de un fotomontaje de su rostro envuelto por la famosa máscara del personaje cinematográfico \"Annibal Lecter\".','2019-09-02 00:00:00','2019-09-02 00:00:00',1),(99,8,22,'¿El justiciable es consumidor?','a Sala Tercera de la Cámara Segunda de Apelación en lo Civil y Comercial de La Plata emitió una resolución en la causa “Finanpro SRL c/ B., C. R. s/ Cobro ejecutivo”, en donde se planteó como cuestión si era procedente (o no) regular honorarios a las y los profesionales de la abogacía expresando –a la par de la cantidad de Jus arancelarios– la correspondiente equivalente en moneda de curso legal.','2021-10-10 00:00:00','2021-10-10 00:00:00',0),(100,8,22,'Las condenas civiles afectan la libertad de prensa','En el caso “Moya Chacón y otro Vs. Costa Rica”, la Corte Interamericana de Derechos Humanos encontró al Estado de Costa Rica responsable internacionalmente por la violación del derecho a la libertad de pensamiento y expresión en perjuicio de los periodistas como resultado de la imposición de una condena civil por la publicación de una nota.','2022-01-01 00:00:00','2022-01-01 00:00:00',1);
/*!40000 ALTER TABLE `articulos` ENABLE KEYS */;
UNLOCK TABLES;

--
-- Table structure for table `autores`
--

DROP TABLE IF EXISTS `autores`;
/*!40101 SET @saved_cs_client     = @@character_set_client */;
/*!50503 SET character_set_client = utf8mb4 */;
CREATE TABLE `autores` (
  `id` int NOT NULL AUTO_INCREMENT,
  `ciudad_id` int NOT NULL,
  `nombre` varchar(25) NOT NULL,
  `apellido` varchar(25) NOT NULL,
  `usuario` varchar(45) NOT NULL,
  `password` varchar(45) NOT NULL,
  `email` varchar(50) NOT NULL,
  `telefono_movil` char(15) NOT NULL,
  PRIMARY KEY (`id`),
  KEY `fk_Autores_Ciudad_idx` (`ciudad_id`),
  CONSTRAINT `fk_Autores_Ciudad` FOREIGN KEY (`ciudad_id`) REFERENCES `ciudad` (`id`)
) ENGINE=InnoDB AUTO_INCREMENT=51 DEFAULT CHARSET=utf8mb3;
/*!40101 SET character_set_client = @saved_cs_client */;

--
-- Dumping data for table `autores`
--

LOCK TABLES `autores` WRITE;
/*!40000 ALTER TABLE `autores` DISABLE KEYS */;
INSERT INTO `autores` VALUES (1,1,'Ana Gabriela','Rubén Arias','ruana','na333','anafer@gamil.com','5491152020333'),(2,2,'Maria Agustina','Miranda','mimaria','ar005','maria.agustina@eldescubierto.com','5491159001005'),(3,17,'Mabel','López','lómabel','ab571','mabel440@eldescubierto.com','573122611571'),(4,7,'Nelson Adrián','Macias','manelson','el005','nelson.adri@eldescubierto.com','5493515701005'),(5,6,'Marcela Elisa','Manrique','mamarcela','ar570','marcela.elisa@eldescubierto.com','573105604570'),(6,29,'Lizeth Daniela','Farina','falizeth','iz107','lizeth.daniela@eldescubierto.com','5491158108107'),(7,29,'Diego Armando','Chauchet Zamora','chdiego','ie107','diego.armando@eldescubierto.com','5491158108107'),(8,3,'Nadia','Garcia','ganadia','ad811','nadia2000@eldescubierto.com','5493426457811'),(9,6,'Mario','De Los Santos','demario','ar500','mario2045@eldescubierto.com','5493416100500'),(10,10,'Valentina','Gutierrez','guvalentina','al010','valentina1233@eldescubierto.com','5493515770010'),(11,7,'Camilo Daniel','Tello Aguilera','tecamilo','am204','camilo.daniel@eldescubierto.com','5491153015204'),(12,35,'Verónica Edith','González Romero','goverónica','er521','veronica.edith@eldescubierto.com','5493835100521'),(13,1,'Guillermina Lucia','Martín','maguillermina','ui223','guillermina.lucia@eldescubierto.com','5491155332223'),(14,5,'Gabriel Eduardo','Manrique Tello','magabriel','ab588','gabriel.eduardo@eldescubierto.com','5493515685588'),(15,21,'Miguel','Morales','momiguel','ig112','miguel785@eldescubierto.com','5491154050112'),(16,2,'Maria Guadalupe','Aguirre','agmaria','ar787','maria.guadalupe@eldescubierto.com','5492646747787'),(17,14,'Dante Jose','Martín Mercado','madante','an411','dante.jose@eldescubierto.com','573105582411'),(18,47,'Zoe Valentina','Miranda','mizoe','oe455','zoe.valentina@eldescubierto.com','562239093455'),(19,6,'Verónica','Peña','peverónica','er500','veronica2010@eldescubierto.com','5493416100500'),(20,28,'Cristian Nicolás','Sosa Muñoz ','socristian','ri234','cristian.nicolas@eldescubierto.com','573105582234'),(21,2,'Sofia Magdalena','Medina','mesofia','of787','sofia.magdalena@eldescubierto.com','5492646747787'),(22,3,'Laura Martina','Torres León','tolaura','au588','laura.martina@eldescubierto.com','5493515904588'),(23,20,'Antonella Vanesa','Barragan Aya','baantonella','nt001','antonella.vanesa@eldescubierto.com','5491155331001'),(24,38,'Luis Angel','Gómez Cuellar','góluis','ui122','luis.angel@eldescubierto.com','56921233122'),(25,1,'John David','Ontiveros Telle','onjohn','oh223','john.david@eldescubierto.com','5491155332223'),(26,10,'Lucia Verónica','Acuña','aclucia','uc221','lucia.vero@eldescubierto.com','5492616442221'),(27,14,'Angeles','Mercado','meangeles','ng411','angeles@eldescubierto.com','573105582411'),(28,20,'Mariela Luciana','González','gomariela','ar001','mariela.luciana@eldescubierto.com','5491155331001'),(29,7,'Ernesto Segundo','De Los Santos','deernesto','rn204','ernesto.segundo@eldescubierto.com','5491153015204'),(30,15,'Leonardo Ariel','Carranza','caleonardo','eo322','leonardo.ariel@eldescubierto.com','5492645123322'),(31,5,'Marcelo','Cabrera Peña','camarcelo','ar002','marcelo50@eldescubierto.com','5492645665002'),(32,12,'Virginia','Pérez Tello','pévirginia','ir622','virginia41@eldescubierto.com','56224733622'),(33,12,'Maria celeste','Beltran Figueroa','bemaria','ar478','maria.celeste@eldescubierto.com','5492645661478'),(34,24,'Adriana','Naranjo','naadriana','dr020','adriana1103@eldescubierto.com','5493426112020'),(35,35,'Lucía Romina','Ramirez Muñoz ','ralucía','uc521','lucia.romina@eldescubierto.com','5493835100521'),(36,21,'Luís Alberto','Russo','ruluís','uí112','luis.alberto@eldescubierto.com','5491154050112'),(37,16,'Guillermo','Castillo','caguillermo','ui004','guillermo@eldescubierto.com','5493816123004'),(38,45,'María Carina','Garcia Enrique','gamaría','ar870','maria.carina@eldescubierto.com','5493816748870'),(39,15,'Brenda Carolina','Valencia Rojas','vabrenda','re322','brenda.carolina@eldescubierto.com','5492645123322'),(40,24,'Luís Enrique','Miranda Tello','miluís','uí020','luis.enrique@eldescubierto.com','5493426112020'),(41,17,'Yesica melina','Camacho Olave','cayesica','es571','yesica.melina@eldescubierto.com','573122611571'),(42,38,'Mariela Lorena','Romero Alonso','romariela','ar122','mariela.lorena@eldescubierto.com','56921233122'),(43,47,'Carla Andrea','Colonia Díaz','cocarla','ar455','carla.andrea@eldescubierto.com','562239093455'),(44,5,'Miguel Angel','Roma','romiguel','ig588','miguel.angel@eldescubierto.com','5493515685588'),(45,12,'Andres','Bruno Maroni','brandres','nd010','andres@eldescubierto.com','5499416441010'),(46,16,'Juan Carlos','Torres','tojuan','ua004','juan.carlos@eldescubierto.com','5493816123004'),(47,45,'Pedro','Mercado','mepedro','ed870','pedro6411@eldescubierto.com','5493816748870'),(48,12,'Pablo Ariel','Alaníz','alpablo','ab001','pablo.ariel@eldescubierto.com','562239092001'),(49,28,'Angel','Redondo','reangel','ng234','angel445@eldescubierto.com','573105582234'),(50,3,'Lucio Enrique','Aguilera Rivarola','aglucio','uc811','lucio.enrique@eldescubierto.com','5493426457811');
/*!40000 ALTER TABLE `autores` ENABLE KEYS */;
UNLOCK TABLES;

--
-- Table structure for table `categorias`
--

DROP TABLE IF EXISTS `categorias`;
/*!40101 SET @saved_cs_client     = @@character_set_client */;
/*!50503 SET character_set_client = utf8mb4 */;
CREATE TABLE `categorias` (
  `id` int NOT NULL AUTO_INCREMENT,
  `nombre_categoria` varchar(60) NOT NULL,
  `estado_categoria` tinyint(1) NOT NULL,
  PRIMARY KEY (`id`)
) ENGINE=InnoDB AUTO_INCREMENT=9 DEFAULT CHARSET=utf8mb3;
/*!40101 SET character_set_client = @saved_cs_client */;

--
-- Dumping data for table `categorias`
--

LOCK TABLES `categorias` WRITE;
/*!40000 ALTER TABLE `categorias` DISABLE KEYS */;
INSERT INTO `categorias` VALUES (1,'Deportes ',1),(2,'Politica ',1),(3,'Economia ',1),(4,'Espectaculos',1),(5,'Salud',0),(6,'Cultura y Arte',1),(7,'Ciencia y Tecnologia',0),(8,'Judicial',0);
/*!40000 ALTER TABLE `categorias` ENABLE KEYS */;
UNLOCK TABLES;

--
-- Table structure for table `ciudad`
--

DROP TABLE IF EXISTS `ciudad`;
/*!40101 SET @saved_cs_client     = @@character_set_client */;
/*!50503 SET character_set_client = utf8mb4 */;
CREATE TABLE `ciudad` (
  `id` int NOT NULL AUTO_INCREMENT,
  `pais_id` int NOT NULL,
  `nombre` varchar(50) NOT NULL,
  `codigo_postal` varchar(10) NOT NULL,
  PRIMARY KEY (`id`),
  KEY `fk_Ciudad_Pais1_idx` (`pais_id`),
  CONSTRAINT `fk_Ciudad_Pais1` FOREIGN KEY (`pais_id`) REFERENCES `pais` (`id`)
) ENGINE=InnoDB AUTO_INCREMENT=51 DEFAULT CHARSET=utf8mb3;
/*!40101 SET character_set_client = @saved_cs_client */;

--
-- Dumping data for table `ciudad`
--

LOCK TABLES `ciudad` WRITE;
/*!40000 ALTER TABLE `ciudad` DISABLE KEYS */;
INSERT INTO `ciudad` VALUES (1,4,'Santiago - Santiago	',' 8320000	'),(2,1,'Villa Krause - San Juan','5425'),(3,1,'Monroe - Buenos Aires','2743'),(4,1,'Las Heras - Mendoza','5539'),(5,5,'Valle de San Juan - Tolima','733020'),(6,4,'Las Condes - Santiago','7550000'),(7,1,'Rivadavia - San Juan','5400'),(8,5,'Santander - Concepción','681511'),(9,1,'Abasto - Buenos Aires','1903'),(10,1,'San Miguel - Tucumán','4105'),(11,3,'São Pedro da Aldeia - Rio de Janeiro','28940'),(12,1,'La Rioja - La Rioja','5300'),(13,19,'Santa Lucía - Canelones','16306'),(14,1,'Pilar - Buenos Aires','1629'),(15,1,'Chepes - La Rioja','5470'),(16,1,'Lujan de Cuyo - Mendoza','5507'),(17,4,'Viña del Mar - Valparaíso','2520000'),(18,1,'Villa Don Bosco - Santa Fé','3000'),(19,1,'9 de Julio - San Juan','5417'),(20,1,'Córdoba - Córdoba','5000'),(21,1,'San Justo - Buenos Aires','1754'),(22,1,'San Luis - San Luis','5700'),(23,1,'Isidro Casanova - Buenos Aires','1765'),(24,5,'San Luis - Tolima','733001'),(25,19,'Punta Carretas - Montevideo','11300'),(26,5,'Salamina - Caldas','172001'),(27,5,'Toledo - Antioquia','052050'),(28,1,'Alsina - Buenos Aires','2938'),(29,5,'San Bernardo del Viento - Córdoba','231501'),(30,19,'Montevideo - Montevideo','11000'),(31,1,'Capilla del Monte - Córdoba','5118'),(32,1,'San Rafael - Mendoza','5600'),(33,3,'Cabo Frio - Rio de Janeiro','28905'),(34,5,'Medellín - Antioquia','050022'),(35,19,'Ciudad de la Costa - Canelones','15005'),(36,1,'San Jorge - Buenos Aires','7404'),(37,4,'Concón - Valparaíso','2510000'),(38,1,'Chacabuco - Catamarca','4700'),(39,1,'Rawson - Chubut','9103'),(40,1,'Puerto Madryn - Chubut','9120'),(41,1,'Cosquin - Córdoba','5166'),(42,1,'Salta - Salta','4400'),(43,1,'Tigre - Buenos Aires','1648'),(44,5,'Bogotá - Bogotá','118942'),(45,1,'Rosario - Santa Fé','2000'),(46,1,'Puerto la Plata - Buenos Aires','1925'),(47,4,'Independencia - Santiago','8380000'),(48,1,'San Fernando - Buenos Aires','1646'),(49,1,'Villa Mercedes - San Luis','5730'),(50,5,'Arauquita -  Arauca','816010');
/*!40000 ALTER TABLE `ciudad` ENABLE KEYS */;
UNLOCK TABLES;

--
-- Table structure for table `comentarios`
--

DROP TABLE IF EXISTS `comentarios`;
/*!40101 SET @saved_cs_client     = @@character_set_client */;
/*!50503 SET character_set_client = utf8mb4 */;
CREATE TABLE `comentarios` (
  `id` bigint NOT NULL AUTO_INCREMENT,
  `articulos_id` int NOT NULL,
  `usuario_id` int NOT NULL,
  `autores_id` int DEFAULT NULL,
  `Cometario` varchar(300) NOT NULL,
  `Fecha` datetime NOT NULL,
  PRIMARY KEY (`id`),
  KEY `fk_Comentarios_Articulos1_idx` (`articulos_id`),
  KEY `fk_Comentarios_Usuario1_idx` (`usuario_id`),
  KEY `fk_Comentarios_Autores1_idx` (`autores_id`),
  CONSTRAINT `fk_Comentarios_Articulos1` FOREIGN KEY (`articulos_id`) REFERENCES `articulos` (`id`),
  CONSTRAINT `fk_Comentarios_Autores1` FOREIGN KEY (`autores_id`) REFERENCES `autores` (`id`),
  CONSTRAINT `fk_Comentarios_Usuario1` FOREIGN KEY (`usuario_id`) REFERENCES `usuario` (`id`)
) ENGINE=InnoDB AUTO_INCREMENT=51 DEFAULT CHARSET=utf8mb3;
/*!40101 SET character_set_client = @saved_cs_client */;

--
-- Dumping data for table `comentarios`
--

LOCK TABLES `comentarios` WRITE;
/*!40000 ALTER TABLE `comentarios` DISABLE KEYS */;
INSERT INTO `comentarios` VALUES (1,28,1,38,'Me gusta mucho el artículo coincido con el escritor','2021-12-07 00:00:00'),(2,49,12,29,'Me sirvió mucho. Gracias','2021-04-03 00:00:00'),(3,81,21,39,'Excelente información, coincido totalmente.','2021-07-26 00:00:00'),(4,75,6,34,'Muy bueno el contenido. Felicidades','2020-08-14 00:00:00'),(5,54,3,18,'Muchas gracias por la información','2020-11-05 00:00:00'),(6,70,9,18,'No me gustó para nada','2020-01-29 00:00:00'),(7,47,11,49,'Felicidades al escritor, muy buen artículo','2019-02-08 00:00:00'),(8,39,7,40,'En total desacuerdo, no me gustó','2019-01-28 00:00:00'),(9,95,22,7,'Fabuloso!!!','2019-04-17 00:00:00'),(10,17,17,26,'Muy mal, no estoy para nada de acuerdo.','2022-08-09 00:00:00'),(11,2,2,38,'Muy buen artículo ,es lo que necesitaba','2022-06-01 00:00:00'),(12,11,15,30,'Este autor siempre tan acertado en sus articulos','2022-11-04 00:00:00'),(13,19,14,14,'La verdad no creo que sea un buen artículo','2022-01-29 00:00:00'),(14,77,9,30,'Excelente!!!','2022-11-05 00:00:00'),(15,8,4,43,'Deberían cambiar la forma de escribir sobre esos temas','2022-04-05 00:00:00'),(16,12,21,37,'Que gran blog !!!','2022-09-07 00:00:00'),(17,95,3,34,'Uno de los mejores artículos que leí sobre el tema','2022-05-06 00:00:00'),(18,79,22,11,'Cuando van a sacar más información sobre esta nota','2022-03-07 00:00:00'),(19,18,12,6,'Muy bueno !!!','2022-12-04 00:00:00'),(20,32,1,26,'Creo que la información no es correcta','2022-06-02 00:00:00'),(21,3,23,36,'Muchas gracias ','2022-10-09 00:00:00'),(22,29,2,18,'Seguiremos trabajando para mejorar','2022-10-31 00:00:00'),(23,22,10,40,'Gracias por tus comentarios','2022-10-19 00:00:00'),(24,26,3,44,'Me alegro que te gusto','2022-06-13 00:00:00'),(25,56,15,31,'Creo que la fecha del post no es correcta','2022-08-19 00:00:00'),(26,69,4,31,'No me gusta','2022-04-16 00:00:00'),(27,28,7,37,'Deberian escribir la fuente de informacion','2022-06-13 00:00:00'),(28,83,25,29,'Simplemente espectacular','2022-05-07 00:00:00'),(29,8,7,36,'Queremos mas noticias de este estilo','2022-10-16 00:00:00'),(30,69,24,19,'la verdad que es muy malo','2022-02-12 00:00:00'),(31,73,2,10,'Es una demostración de buen trabajo','2022-03-27 00:00:00'),(32,46,22,23,'Siiiiiiiiiiiiii','2022-04-19 00:00:00'),(33,22,11,2,'muy bueno DH-Noticias','2022-08-20 00:00:00'),(34,9,19,29,'Nooooooooooooooo','2022-07-14 00:00:00'),(35,4,15,23,'El discurso tiene que ser al revés. ','2022-01-23 00:00:00'),(36,48,13,40,'No hay nada que moleste más a la izquierda que una juventud de derecha en constante aumento.','2022-06-15 00:00:00'),(37,71,1,24,'Buen domingo para todos! ','2022-08-08 00:00:00'),(38,95,22,42,'El misterioso temor que provoca ','2022-07-28 00:00:00'),(39,45,17,6,'Me causa risa jajajaja','2022-05-11 00:00:00'),(40,76,17,7,'Alguien que me explique','2022-08-02 00:00:00'),(41,50,21,37,'Podrian escribir bien por favor','2022-12-13 00:00:00'),(42,75,5,20,'Vi que detuvieron al jefe del operativo','2022-03-29 00:00:00'),(43,28,12,44,'Todos a la marcha !!!','2022-10-26 00:00:00'),(44,71,17,39,'Gran escritor !!!','2022-09-08 00:00:00'),(45,79,12,7,'Buen lunes para todos !!!','2022-08-10 00:00:00'),(46,74,2,1,'Ayer no pude ingresar al blog, pasa algo?','2022-01-16 00:00:00'),(47,14,23,33,'Esa nota no me convence','2022-02-23 00:00:00'),(48,72,10,13,'jajajajajajaja','2022-07-06 00:00:00'),(49,27,12,42,'Por favor leer bien !!!','2022-10-13 00:00:00'),(50,12,10,NULL,'Genios!!!','2022-10-04 00:00:00');
/*!40000 ALTER TABLE `comentarios` ENABLE KEYS */;
UNLOCK TABLES;

--
-- Table structure for table `especialidad`
--

DROP TABLE IF EXISTS `especialidad`;
/*!40101 SET @saved_cs_client     = @@character_set_client */;
/*!50503 SET character_set_client = utf8mb4 */;
CREATE TABLE `especialidad` (
  `id` tinyint NOT NULL AUTO_INCREMENT,
  `nombre` varchar(30) NOT NULL,
  PRIMARY KEY (`id`)
) ENGINE=InnoDB AUTO_INCREMENT=8 DEFAULT CHARSET=utf8mb3;
/*!40101 SET character_set_client = @saved_cs_client */;

--
-- Dumping data for table `especialidad`
--

LOCK TABLES `especialidad` WRITE;
/*!40000 ALTER TABLE `especialidad` DISABLE KEYS */;
INSERT INTO `especialidad` VALUES (1,'Investigacion '),(2,'Politico'),(3,'Cultural'),(4,'Social'),(5,'Cientifico'),(6,'Deporte'),(7,'Economia y Finanzas');
/*!40000 ALTER TABLE `especialidad` ENABLE KEYS */;
UNLOCK TABLES;

--
-- Table structure for table `especialidad_x_autores`
--

DROP TABLE IF EXISTS `especialidad_x_autores`;
/*!40101 SET @saved_cs_client     = @@character_set_client */;
/*!50503 SET character_set_client = utf8mb4 */;
CREATE TABLE `especialidad_x_autores` (
  `especialidad_id` tinyint NOT NULL,
  `autores_id` int NOT NULL,
  PRIMARY KEY (`especialidad_id`,`autores_id`),
  KEY `fk_Especialidad_has_Autores_Autores1_idx` (`autores_id`),
  KEY `fk_Especialidad_has_Autores_Especialidad1_idx` (`especialidad_id`),
  CONSTRAINT `fk_Especialidad_has_Autores_Autores1` FOREIGN KEY (`autores_id`) REFERENCES `autores` (`id`),
  CONSTRAINT `fk_Especialidad_has_Autores_Especialidad1` FOREIGN KEY (`especialidad_id`) REFERENCES `especialidad` (`id`)
) ENGINE=InnoDB DEFAULT CHARSET=utf8mb3;
/*!40101 SET character_set_client = @saved_cs_client */;

--
-- Dumping data for table `especialidad_x_autores`
--

LOCK TABLES `especialidad_x_autores` WRITE;
/*!40000 ALTER TABLE `especialidad_x_autores` DISABLE KEYS */;
INSERT INTO `especialidad_x_autores` VALUES (1,12),(1,14),(1,17),(1,39),(1,40),(1,47),(2,10),(2,13),(2,35),(2,37),(2,44),(2,46),(2,47),(3,2),(3,11),(3,14),(3,19),(3,23),(3,32),(3,35),(3,37),(4,10),(4,12),(4,13),(4,14),(4,16),(4,17),(4,21),(4,31),(4,46),(5,6),(5,11),(5,12),(5,19),(5,23),(5,25),(5,31),(5,47),(6,13),(7,13);
/*!40000 ALTER TABLE `especialidad_x_autores` ENABLE KEYS */;
UNLOCK TABLES;

--
-- Table structure for table `pais`
--

DROP TABLE IF EXISTS `pais`;
/*!40101 SET @saved_cs_client     = @@character_set_client */;
/*!50503 SET character_set_client = utf8mb4 */;
CREATE TABLE `pais` (
  `id` int NOT NULL AUTO_INCREMENT,
  `nombre` varchar(50) NOT NULL,
  PRIMARY KEY (`id`)
) ENGINE=InnoDB AUTO_INCREMENT=21 DEFAULT CHARSET=utf8mb3;
/*!40101 SET character_set_client = @saved_cs_client */;

--
-- Dumping data for table `pais`
--

LOCK TABLES `pais` WRITE;
/*!40000 ALTER TABLE `pais` DISABLE KEYS */;
INSERT INTO `pais` VALUES (1,'Argentina'),(2,'Bolivia'),(3,'Brasil'),(4,'Chile'),(5,'Colombia'),(6,'Costa Rica'),(7,'Cuba'),(8,'Ecuador'),(9,'El Salvador'),(10,'Guatemala'),(11,'Haití'),(12,'Honduras'),(13,'México'),(14,'Nicaragua'),(15,'Panamá'),(16,'Paraguay'),(17,'Perú'),(18,'República Dominicana'),(19,'Uruguay'),(20,'Venezuela');
/*!40000 ALTER TABLE `pais` ENABLE KEYS */;
UNLOCK TABLES;

--
-- Table structure for table `recursos`
--

DROP TABLE IF EXISTS `recursos`;
/*!40101 SET @saved_cs_client     = @@character_set_client */;
/*!50503 SET character_set_client = utf8mb4 */;
CREATE TABLE `recursos` (
  `id` int NOT NULL AUTO_INCREMENT,
  `articulos_id` int NOT NULL,
  `tiposrecursos_id` int NOT NULL,
  `nombre_recurso` varchar(50) NOT NULL,
  `ruta` varchar(300) NOT NULL,
  PRIMARY KEY (`id`),
  KEY `fk_Recursos_Articulos1_idx` (`articulos_id`),
  KEY `fk_Recursos_TiposRecursos1_idx` (`tiposrecursos_id`),
  CONSTRAINT `fk_Recursos_Articulos1` FOREIGN KEY (`articulos_id`) REFERENCES `articulos` (`id`),
  CONSTRAINT `fk_Recursos_TiposRecursos1` FOREIGN KEY (`tiposrecursos_id`) REFERENCES `tiposrecursos` (`id`)
) ENGINE=InnoDB AUTO_INCREMENT=101 DEFAULT CHARSET=utf8mb3;
/*!40101 SET character_set_client = @saved_cs_client */;

--
-- Dumping data for table `recursos`
--

LOCK TABLES `recursos` WRITE;
/*!40000 ALTER TABLE `recursos` DISABLE KEYS */;
INSERT INTO `recursos` VALUES (1,1,1,'grabacion_entrevista284','C:\\Files\\MySQL\\MySQL Server 8.0\\grabacion_entrevista284.mp3'),(2,2,1,'grabacion_entrevista267','C:\\Files\\MySQL\\MySQL Server 8.0\\grabacion_entrevista267.mp3'),(3,3,1,'grabacion_entrevista101','C:\\Files\\MySQL\\MySQL Server 8.0\\grabacion_entrevista101.mp3'),(4,4,1,'grabacion_entrevista26','C:\\Files\\MySQL\\MySQL Server 8.0\\grabacion_entrevista26.mp3'),(5,5,1,'grabacion_entrevista120','C:\\Files\\MySQL\\MySQL Server 8.0\\grabacion_entrevista120.mp3'),(6,6,1,'grabacion_entrevista8','C:\\Files\\MySQL\\MySQL Server 8.0\\grabacion_entrevista8.mp3'),(7,7,1,'grabacion_entrevista259','C:\\Files\\MySQL\\MySQL Server 8.0\\grabacion_entrevista259.mp3'),(8,8,1,'audio_whatsapp77','C:\\Files\\MySQL\\MySQL Server 8.0\\audio_whatsapp77.mp3'),(9,9,1,'audio_whatsapp210','C:\\Files\\MySQL\\MySQL Server 8.0\\audio_whatsapp210.wav'),(10,10,1,'audio_whatsapp211','C:\\Files\\MySQL\\MySQL Server 8.0\\audio_whatsapp211.wav'),(11,11,1,'audio_whatsapp143','C:\\Files\\MySQL\\MySQL Server 8.0\\audio_whatsapp143.wav'),(12,12,1,'audio_whatsapp168','C:\\Files\\MySQL\\MySQL Server 8.0\\audio_whatsapp168.wav'),(13,13,1,'audio_whatsapp52','C:\\Files\\MySQL\\MySQL Server 8.0\\audio_whatsapp52.wav'),(14,14,1,'audio_whatsapp59','C:\\Files\\MySQL\\MySQL Server 8.0\\audio_whatsapp59.wav'),(15,15,1,'audio_whatsapp176','C:\\Files\\MySQL\\MySQL Server 8.0\\audio_whatsapp176.wav'),(16,16,1,'audio_whatsapp108','C:\\Files\\MySQL\\MySQL Server 8.0\\audio_whatsapp108.wav'),(17,17,1,'audio_whatsapp3','C:\\Files\\MySQL\\MySQL Server 8.0\\audio_whatsapp3.wav'),(18,18,1,'audio_whatsapp251','C:\\Files\\MySQL\\MySQL Server 8.0\\audio_whatsapp251.wav'),(19,19,1,'audo_telegram207','C:\\Files\\MySQL\\MySQL Server 8.0\\audo_telegram207.aac'),(20,20,1,'audo_telegram32','C:\\Files\\MySQL\\MySQL Server 8.0\\audo_telegram32.aac'),(21,21,1,'audo_telegram52','C:\\Files\\MySQL\\MySQL Server 8.0\\audo_telegram52.aac'),(22,22,1,'audo_telegram97','C:\\Files\\MySQL\\MySQL Server 8.0\\audo_telegram97.aac'),(23,23,1,'audo_telegram187','C:\\Files\\MySQL\\MySQL Server 8.0\\audo_telegram187.aac'),(24,24,1,'audo_telegram263','C:\\Files\\MySQL\\MySQL Server 8.0\\audo_telegram263.aac'),(25,25,1,'audo_telegram69','C:\\Files\\MySQL\\MySQL Server 8.0\\audo_telegram69.aac'),(26,26,1,'audo_telegram213','C:\\Files\\MySQL\\MySQL Server 8.0\\audo_telegram213.aac'),(27,27,1,'audo_telegram140','C:\\Files\\MySQL\\MySQL Server 8.0\\audo_telegram140.aac'),(28,28,1,'audo_telegram249','C:\\Files\\MySQL\\MySQL Server 8.0\\audo_telegram249.aac'),(29,29,1,'audo_telegram125','C:\\Files\\MySQL\\MySQL Server 8.0\\audo_telegram125.aac'),(30,30,1,'audo_telegram155','C:\\Files\\MySQL\\MySQL Server 8.0\\audo_telegram155.aac'),(31,31,1,'audo_telegram90','C:\\Files\\MySQL\\MySQL Server 8.0\\audo_telegram90.aac'),(32,32,1,'audo_telegram26','C:\\Files\\MySQL\\MySQL Server 8.0\\audo_telegram26.aac'),(33,33,2,'video_entrevista90','C:\\Files\\MySQL\\MySQL Server 8.0\\video_entrevista90.mp4'),(34,34,2,'video_entrevista184','C:\\Files\\MySQL\\MySQL Server 8.0\\video_entrevista184.mp4'),(35,35,2,'video_entrevista176','C:\\Files\\MySQL\\MySQL Server 8.0\\video_entrevista176.mp4'),(36,36,2,'video_entrevista177','C:\\Files\\MySQL\\MySQL Server 8.0\\video_entrevista177.mp4'),(37,37,2,'video_entrevista127','C:\\Files\\MySQL\\MySQL Server 8.0\\video_entrevista127.mp4'),(38,38,2,'video_entrevista12','C:\\Files\\MySQL\\MySQL Server 8.0\\video_entrevista12.mp4'),(39,39,2,'video_entrevista265','C:\\Files\\MySQL\\MySQL Server 8.0\\video_entrevista265.mp4'),(40,40,2,'video_entrevista213','C:\\Files\\MySQL\\MySQL Server 8.0\\video_entrevista213.mp4'),(41,41,2,'video_entrevista183','C:\\Files\\MySQL\\MySQL Server 8.0\\video_entrevista183.mp4'),(42,42,2,'video_entrevista187','C:\\Files\\MySQL\\MySQL Server 8.0\\video_entrevista187.mp4'),(43,43,2,'video_entrevista183','C:\\Files\\MySQL\\MySQL Server 8.0\\video_entrevista183.mp4'),(44,44,2,'video_entrevista181','C:\\Files\\MySQL\\MySQL Server 8.0\\video_entrevista181.mp4'),(45,45,2,'video_entrevista125','C:\\Files\\MySQL\\MySQL Server 8.0\\video_entrevista125.mp4'),(46,46,2,'video_entrevista174','C:\\Files\\MySQL\\MySQL Server 8.0\\video_entrevista174.avi'),(47,47,2,'video_youtube89','C:\\Files\\MySQL\\MySQL Server 8.0\\video_youtube89.avi'),(48,48,2,'video_youtube176','C:\\Files\\MySQL\\MySQL Server 8.0\\video_youtube176.avi'),(49,49,2,'video_youtube111','C:\\Files\\MySQL\\MySQL Server 8.0\\video_youtube111.avi'),(50,50,2,'video_youtube213','C:\\Files\\MySQL\\MySQL Server 8.0\\video_youtube213.avi'),(51,51,2,'video_youtube26','C:\\Files\\MySQL\\MySQL Server 8.0\\video_youtube26.avi'),(52,52,2,'video_youtube116','C:\\Files\\MySQL\\MySQL Server 8.0\\video_youtube116.avi'),(53,53,2,'video_youtube262','C:\\Files\\MySQL\\MySQL Server 8.0\\video_youtube262.avi'),(54,54,2,'video_youtube243','C:\\Files\\MySQL\\MySQL Server 8.0\\video_youtube243.avi'),(55,55,2,'video_youtube93','C:\\Files\\MySQL\\MySQL Server 8.0\\video_youtube93.avi'),(56,56,2,'video_youtube203','C:\\Files\\MySQL\\MySQL Server 8.0\\video_youtube203.avi'),(57,57,2,'video_youtube61','C:\\Files\\MySQL\\MySQL Server 8.0\\video_youtube61.avi'),(58,58,2,'video_youtube272','C:\\Files\\MySQL\\MySQL Server 8.0\\video_youtube272.avi'),(59,59,2,'video_youtube21','C:\\Files\\MySQL\\MySQL Server 8.0\\video_youtube21.avi'),(60,60,2,'video_youtube143','C:\\Files\\MySQL\\MySQL Server 8.0\\video_youtube143.avi'),(61,61,2,'video_youtube26','C:\\Files\\MySQL\\MySQL Server 8.0\\video_youtube26.avi'),(62,62,2,'video_youtube294','C:\\Files\\MySQL\\MySQL Server 8.0\\video_youtube294.avi'),(63,63,2,'video_youtube274','C:\\Files\\MySQL\\MySQL Server 8.0\\video_youtube274.mkv'),(64,64,2,'video_camara_77','C:\\Files\\MySQL\\MySQL Server 8.0\\video_camara_77.mkv'),(65,65,2,'video_camara_169','C:\\Files\\MySQL\\MySQL Server 8.0\\video_camara_169.mkv'),(66,66,2,'video_camara_295','C:\\Files\\MySQL\\MySQL Server 8.0\\video_camara_295.mkv'),(67,67,2,'video_camara_221','C:\\Files\\MySQL\\MySQL Server 8.0\\video_camara_221.mkv'),(68,68,2,'video_camara_13','C:\\Files\\MySQL\\MySQL Server 8.0\\video_camara_13.mkv'),(69,69,2,'video_camara_24','C:\\Files\\MySQL\\MySQL Server 8.0\\video_camara_24.mkv'),(70,70,2,'video_camara_187','C:\\Files\\MySQL\\MySQL Server 8.0\\video_camara_187.mkv'),(71,71,2,'video_camara_221','C:\\Files\\MySQL\\MySQL Server 8.0\\video_camara_221.mkv'),(72,72,2,'video_camara_283','C:\\Files\\MySQL\\MySQL Server 8.0\\video_camara_283.mkv'),(73,73,2,'video_camara_77','C:\\Files\\MySQL\\MySQL Server 8.0\\video_camara_77.mkv'),(74,74,2,'video_camara_94','C:\\Files\\MySQL\\MySQL Server 8.0\\video_camara_94.mkv'),(75,75,2,'video_camara_228','C:\\Files\\MySQL\\MySQL Server 8.0\\video_camara_228.mkv'),(76,76,2,'video_camara_277','C:\\Files\\MySQL\\MySQL Server 8.0\\video_camara_277.mkv'),(77,77,2,'video_camara_233','C:\\Files\\MySQL\\MySQL Server 8.0\\video_camara_233.mkv'),(78,78,2,'video_camara_293','C:\\Files\\MySQL\\MySQL Server 8.0\\video_camara_293.mkv'),(79,79,2,'video_camara_152','C:\\Files\\MySQL\\MySQL Server 8.0\\video_camara_152.mkv'),(80,80,3,'foto_entrevista_64','C:\\Files\\MySQL\\MySQL Server 8.0\\foto_entrevista_64.jpg'),(81,81,3,'foto_entrevista_256','C:\\Files\\MySQL\\MySQL Server 8.0\\foto_entrevista_256.jpg'),(82,82,3,'foto_entrevista_35','C:\\Files\\MySQL\\MySQL Server 8.0\\foto_entrevista_35.jpg'),(83,83,3,'foto_entrevista_4','C:\\Files\\MySQL\\MySQL Server 8.0\\foto_entrevista_4.jpg'),(84,84,3,'foto_entrevista_112','C:\\Files\\MySQL\\MySQL Server 8.0\\foto_entrevista_112.jpg'),(85,85,3,'foto_entrevista_294','C:\\Files\\MySQL\\MySQL Server 8.0\\foto_entrevista_294.jpg'),(86,86,3,'foto_entrevista_56','C:\\Files\\MySQL\\MySQL Server 8.0\\foto_entrevista_56.jpg'),(87,87,3,'foto_entrevista_114','C:\\Files\\MySQL\\MySQL Server 8.0\\foto_entrevista_114.jpg'),(88,88,3,'foto_entrevista_167','C:\\Files\\MySQL\\MySQL Server 8.0\\foto_entrevista_167.jpg'),(89,89,3,'foto_perfil_redes240','C:\\Files\\MySQL\\MySQL Server 8.0\\foto_perfil_redes240.jpg'),(90,90,3,'foto_perfil_redes287','C:\\Files\\MySQL\\MySQL Server 8.0\\foto_perfil_redes287.jpg'),(91,91,3,'foto_perfil_redes130','C:\\Files\\MySQL\\MySQL Server 8.0\\foto_perfil_redes130.jpg'),(92,92,3,'foto_perfil_redes37','C:\\Files\\MySQL\\MySQL Server 8.0\\foto_perfil_redes37.png'),(93,93,3,'foto_perfil_redes9','C:\\Files\\MySQL\\MySQL Server 8.0\\foto_perfil_redes9.png'),(94,94,3,'foto_perfil_redes272','C:\\Files\\MySQL\\MySQL Server 8.0\\foto_perfil_redes272.png'),(95,95,3,'foto_camara_167','C:\\Files\\MySQL\\MySQL Server 8.0\\foto_camara_167.png'),(96,96,3,'foto_camara_66','C:\\Files\\MySQL\\MySQL Server 8.0\\foto_camara_66.png'),(97,97,3,'foto_camara_216','C:\\Files\\MySQL\\MySQL Server 8.0\\foto_camara_216.png'),(98,98,3,'foto_camara_278','C:\\Files\\MySQL\\MySQL Server 8.0\\foto_camara_278.png'),(99,99,3,'foto_camara_213','C:\\Files\\MySQL\\MySQL Server 8.0\\foto_camara_213.png'),(100,100,3,'foto_camara_98','C:\\Files\\MySQL\\MySQL Server 8.0\\foto_camara_98.png');
/*!40000 ALTER TABLE `recursos` ENABLE KEYS */;
UNLOCK TABLES;

--
-- Table structure for table `subcategorias`
--

DROP TABLE IF EXISTS `subcategorias`;
/*!40101 SET @saved_cs_client     = @@character_set_client */;
/*!50503 SET character_set_client = utf8mb4 */;
CREATE TABLE `subcategorias` (
  `id` int NOT NULL AUTO_INCREMENT,
  `categorias_id` int NOT NULL,
  `nombre_subcat` varchar(60) NOT NULL,
  `estado_subcat` tinyint(1) NOT NULL,
  PRIMARY KEY (`id`),
  KEY `fk_Subcategorias_Categorias1_idx` (`categorias_id`),
  CONSTRAINT `fk_Subcategorias_Categorias1` FOREIGN KEY (`categorias_id`) REFERENCES `categorias` (`id`)
) ENGINE=InnoDB AUTO_INCREMENT=23 DEFAULT CHARSET=utf8mb3;
/*!40101 SET character_set_client = @saved_cs_client */;

--
-- Dumping data for table `subcategorias`
--

LOCK TABLES `subcategorias` WRITE;
/*!40000 ALTER TABLE `subcategorias` DISABLE KEYS */;
INSERT INTO `subcategorias` VALUES (1,1,'Futbol',1),(2,1,'Basquet',1),(3,1,'Tenis',1),(4,1,'Boxeo',1),(5,1,'Voley',1),(6,2,'Nacionales',1),(7,2,'Internacionales',1),(8,2,'Locales',1),(9,3,'Locales',1),(10,3,'Nacionales',1),(11,3,'Internacionales',1),(12,4,'Lo ultimo',1),(13,4,'Entrevistas',1),(14,4,'Personajes',1),(15,5,'Bienestar',1),(16,6,'Cine',1),(17,6,'Teatro',1),(18,6,'Musica',1),(19,7,'Informacion',1),(20,7,'Novedades',1),(21,8,'Locales',1),(22,8,'Nacionales',1);
/*!40000 ALTER TABLE `subcategorias` ENABLE KEYS */;
UNLOCK TABLES;

--
-- Table structure for table `tiposrecursos`
--

DROP TABLE IF EXISTS `tiposrecursos`;
/*!40101 SET @saved_cs_client     = @@character_set_client */;
/*!50503 SET character_set_client = utf8mb4 */;
CREATE TABLE `tiposrecursos` (
  `id` int NOT NULL AUTO_INCREMENT,
  `TiposRecursos` varchar(20) NOT NULL,
  PRIMARY KEY (`id`)
) ENGINE=InnoDB AUTO_INCREMENT=4 DEFAULT CHARSET=utf8mb3;
/*!40101 SET character_set_client = @saved_cs_client */;

--
-- Dumping data for table `tiposrecursos`
--

LOCK TABLES `tiposrecursos` WRITE;
/*!40000 ALTER TABLE `tiposrecursos` DISABLE KEYS */;
INSERT INTO `tiposrecursos` VALUES (1,'Audio'),(2,'Video'),(3,'Foto');
/*!40000 ALTER TABLE `tiposrecursos` ENABLE KEYS */;
UNLOCK TABLES;

--
-- Table structure for table `usuario`
--

DROP TABLE IF EXISTS `usuario`;
/*!40101 SET @saved_cs_client     = @@character_set_client */;
/*!50503 SET character_set_client = utf8mb4 */;
CREATE TABLE `usuario` (
  `id` int NOT NULL AUTO_INCREMENT,
  `ciudad_id` int NOT NULL,
  `nombre` varchar(25) NOT NULL,
  `apellido` varchar(25) NOT NULL,
  `fecha_nacimiento` date NOT NULL,
  `usuario` varchar(45) NOT NULL,
  `password` varchar(45) NOT NULL,
  `email` varchar(50) NOT NULL,
  `telefono_movil` varchar(45) NOT NULL,
  PRIMARY KEY (`id`),
  KEY `fk_Usuario_Ciudad1_idx` (`ciudad_id`),
  CONSTRAINT `fk_Usuario_Ciudad1` FOREIGN KEY (`ciudad_id`) REFERENCES `ciudad` (`id`)
) ENGINE=InnoDB AUTO_INCREMENT=26 DEFAULT CHARSET=utf8mb3;
/*!40101 SET character_set_client = @saved_cs_client */;

--
-- Dumping data for table `usuario`
--

LOCK TABLES `usuario` WRITE;
/*!40000 ALTER TABLE `usuario` DISABLE KEYS */;
INSERT INTO `usuario` VALUES (1,2,'Guillermina Lucia','Martín','1986-11-07','martín34','gui247','guillermina.lucia@eldescubierto.com','5491155332223'),(2,3,'John David','Ontiveros Telle','1984-12-03','ontiveros32','joh689','john.david@eldescubierto.com','5491155332223'),(3,17,'Maria Agustina','Miranda','1980-10-29','miranda28','mar753','maria.agustina@eldescubierto.com','5491159001005'),(4,6,'Maria Guadalupe','Aguirre','1981-10-18','aguirre29','mar513','maria.guadalupe@eldescubierto.com','5492646747787'),(5,7,'Sofia Magdalena','Medina','1989-07-01','medina37','sof921','sofia.magdalena@eldescubierto.com','5492646747787'),(6,3,'Nadia','Garcia','1986-10-19','garcia34','nad488','nadia2000@eldescubierto.com','5493426457811'),(7,20,'Laura Martina','Torres León','1989-09-18','torres37','lau656','laura.martina@eldescubierto.com','5493515904588'),(8,15,'Lucio Enrique','Aguilera Rivarola','1989-02-12','aguilera37','luc465','lucio.enrique@eldescubierto.com','5493426457811'),(9,28,'Gabriel Eduardo','Manrique Tello','1988-12-11','manrique36','gab247','gabriel.eduardo@eldescubierto.com','5493515685588'),(10,2,'Marcelo','Cabrera Peña','1977-03-11','cabrera25','mar085','marcelo50@eldescubierto.com','5492645665002'),(11,29,'Miguel Angel','Roma','1978-11-01','roma26','mig469','miguel.angel@eldescubierto.com','5493515685588'),(12,1,'Marcela Elisa','Manrique','1990-02-26','manrique38','mar127','marcela.elisa@eldescubierto.com','573105604570'),(13,29,'Mario','De Los Santos','1979-12-17','de27','mar233','mario2045@eldescubierto.com','5493416100500'),(14,1,'Verónica','Peña','1989-09-12','peña37','ver378','veronica2010@eldescubierto.com','5493416100500'),(15,6,'Nelson Adrián','Macias','1984-07-05','macias32','nel053','nelson.adri@eldescubierto.com','5493515701005'),(16,14,'Camilo Daniel','Tello Aguilera','1978-08-05','tello26','cam837','camilo.daniel@eldescubierto.com','5491153015204'),(17,6,'Ernesto Segundo','De Los Santos','1987-12-29','de35','ern753','ernesto.segundo@eldescubierto.com','5491153015204'),(18,35,'Valentina','Gutierrez','1989-01-30','gutierrez37','val344','valentina1233@eldescubierto.com','5493515770010'),(19,38,'Lucia Verónica','Acuña','1982-01-26','acuña30','luc918','lucia.vero@eldescubierto.com','5492616442221'),(20,21,'Andres','Bruno Maroni','1979-10-15','bruno27','and163','andres@eldescubierto.com','5499416441010'),(21,10,'Pablo Ariel','Alaníz','1988-09-28','alaníz36','pab687','pablo.ariel@eldescubierto.com','562239092001'),(22,5,'Virginia','Pérez Tello','1984-06-21','pérez32','vir722','virginia41@eldescubierto.com','56224733622'),(23,7,'Maria celeste','Beltran Figueroa','1979-08-22','beltran27','mar243','maria.celeste@eldescubierto.com','5492645661478'),(24,47,'Dante Jose','Martín Mercado','1990-08-01','martín38','dan011','dante.jose@eldescubierto.com','573105582411'),(25,2,'Angeles','Mercado','1989-09-03','mercado37','ang017','angeles@eldescubierto.com','573105582411');
/*!40000 ALTER TABLE `usuario` ENABLE KEYS */;
UNLOCK TABLES;
/*!40103 SET TIME_ZONE=@OLD_TIME_ZONE */;

/*!40101 SET SQL_MODE=@OLD_SQL_MODE */;
/*!40014 SET FOREIGN_KEY_CHECKS=@OLD_FOREIGN_KEY_CHECKS */;
/*!40014 SET UNIQUE_CHECKS=@OLD_UNIQUE_CHECKS */;
/*!40101 SET CHARACTER_SET_CLIENT=@OLD_CHARACTER_SET_CLIENT */;
/*!40101 SET CHARACTER_SET_RESULTS=@OLD_CHARACTER_SET_RESULTS */;
/*!40101 SET COLLATION_CONNECTION=@OLD_COLLATION_CONNECTION */;
/*!40111 SET SQL_NOTES=@OLD_SQL_NOTES */;

-- Dump completed on 2022-10-27 15:19:59
